Workbook
Name CalendarYear: January!$AG$3
Name KeyCustom1: January!$S$13
Name KeyCustom1Label: January!$T$13
Name KeyCustom2: January!$W$13
Name KeyCustom2Label: January!$X$13
Name KeyPersonal: January!$K$13
Name KeyPersonalLabel: January!$L$13
Name KeySick: January!$O$13
Name KeySickLabel: January!$P$13
Name KeyVacation: January!$G$13
Name KeyVacationLabel: January!$H$13
Name MonthName: April!$A$2
Name MonthName: August!$A$2
Name MonthName: December!$A$2
Name MonthName: February!$A$2
Name MonthName: January!$A$3
Name MonthName: July!$A$2
Name MonthName: June!$A$2
Name MonthName: March!$A$2
Name MonthName: May!$A$2
Name MonthName: November!$A$2
Name MonthName: October!$A$2
Name MonthName: September!$A$2

Sheet Sheet1
C3: Quick Summary
D4: Vacation Days | E4: Working Days | F4: Absent Rate %
C5: All Months | D5: =SUM(tblJanuary[[#Totals],[Total Days]],tblFebruary[[#Totals],[Total Days]],tblMarch[[#Totals],[Total Days]],tblMay[[#Totals],[Total Days]],tblJune[[#Totals],[Total Days]],tblJuly[[#Totals],[Total Days]],tblAugust[[#Totals],[Total Days]],tblSeptember[[#Totals],[Total Days]],tblOctober[[#Totals],[Total Days]],tblDecember[[#Totals],[Total Days]],tblApril[[#Totals],[Total Days]],tblNovember[[#Totals],[Total Days]]) -> 46

Sheet January
A1: Employee Vacation Tracker
A3: January | B3: Dates of Absence | AG3: 2015
B4: =TEXT(WEEKDAY(DATE(CalendarYear,1,1),1),"aaa") -> Thu | C4: =TEXT(WEEKDAY(DATE(CalendarYear,1,2),1),"aaa") -> Fri | D4: =TEXT(WEEKDAY(DATE(CalendarYear,1,3),1),"aaa") -> Sat | E4: =TEXT(WEEKDAY(DATE(CalendarYear,1,4),1),"aaa") -> Sun | F4: =TEXT(WEEKDAY(DATE(CalendarYear,1,5),1),"aaa") -> Mon | G4: =TEXT(WEEKDAY(DATE(CalendarYear,1,6),1),"aaa") -> Tue | H4: =TEXT(WEEKDAY(DATE(CalendarYear,1,7),1),"aaa") -> Wed | I4: =TEXT(WEEKDAY(DATE(CalendarYear,1,8),1),"aaa") -> Thu | J4: =TEXT(WEEKDAY(DATE(CalendarYear,1,9),1),"aaa") -> Fri | K4: =TEXT(WEEKDAY(DATE(CalendarYear,1,10),1),"aaa") -> Sat | L4: =TEXT(WEEKDAY(DATE(CalendarYear,1,11),1),"aaa") -> Sun | M4: =TEXT(WEEKDAY(DATE(CalendarYear,1,12),1),"aaa") -> Mon | N4: =TEXT(WEEKDAY(DATE(CalendarYear,1,13),1),"aaa") -> Tue | O4: =TEXT(WEEKDAY(DATE(CalendarYear,1,14),1),"aaa") -> Wed | P4: =TEXT(WEEKDAY(DATE(CalendarYear,1,15),1),"aaa") -> Thu | Q4: =TEXT(WEEKDAY(DATE(CalendarYear,1,16),1),"aaa") -> Fri | R4: =TEXT(WEEKDAY(DATE(CalendarYear,1,17),1),"aaa") -> Sat | S4: =TEXT(WEEKDAY(DATE(CalendarYear,1,18),1),"aaa") -> Sun | T4: =TEXT(WEEKDAY(DATE(CalendarYear,1,19),1),"aaa") -> Mon | U4: =TEXT(WEEKDAY(DATE(CalendarYear,1,20),1),"aaa") -> Tue | V4: =TEXT(WEEKDAY(DATE(CalendarYear,1,21),1),"aaa") -> Wed | W4: =TEXT(WEEKDAY(DATE(CalendarYear,1,22),1),"aaa") -> Thu | X4: =TEXT(WEEKDAY(DATE(CalendarYear,1,23),1),"aaa") -> Fri | Y4: =TEXT(WEEKDAY(DATE(CalendarYear,1,24),1),"aaa") -> Sat | Z4: =TEXT(WEEKDAY(DATE(CalendarYear,1,25),1),"aaa") -> Sun | AA4: =TEXT(WEEKDAY(DATE(CalendarYear,1,26),1),"aaa") -> Mon | AB4: =TEXT(WEEKDAY(DATE(CalendarYear,1,27),1),"aaa") -> Tue | AC4: =TEXT(WEEKDAY(DATE(CalendarYear,1,28),1),"aaa") -> Wed | AD4: =TEXT(WEEKDAY(DATE(CalendarYear,1,29),1),"aaa") -> Thu | AE4: =TEXT(WEEKDAY(DATE(CalendarYear,1,30),1),"aaa") -> Fri | AF4: =TEXT(WEEKDAY(DATE(CalendarYear,1,31),1),"aaa") -> Sat
A5: Employee Name | B5: 1 | C5: 2 | D5: 3 | E5: 4 | F5: 5 | G5: 6 | H5: 7 | I5: 8 | J5: 9 | K5: 10 | L5: 11 | M5: 12 | N5: 13 | O5: 14 | P5: 15 | Q5: 16 | R5: 17 | S5: 18 | T5: 19 | U5: 20 | V5: 21 | W5: 22 | X5: 23 | Y5: 24 | Z5: 25 | AA5: 26 | AB5: 27 | AC5: 28 | AD5: 29 | AE5: 30 | AF5: 31 | AG5: Total Days
A6: Employee 1 | D6: V | E6: V | F6: V | G6: V | N6: V | AG6: =COUNTA(tblJanuary[[#This Row],[1]:[31]]) -> 5
A7: Employee 2 | F7: S | G7: S | L7: P | U7: S | Z7: V | AA7: V | AB7: V | AG7: =COUNTA(tblJanuary[[#This Row],[1]:[31]]) -> 7
A8: Employee 3 | D8: P | O8: S | AD8: S | AG8: =COUNTA(tblJanuary[[#This Row],[1]:[31]]) -> 3
A9: Employee 4 | H9: P | T9: V | U9: V | V9: V | AG9: =COUNTA(tblJanuary[[#This Row],[1]:[31]]) -> 4
A10: Employee 5 | E10: S | F10: V | G10: V | R10: S | Y10: S | AF10: V | AG10: =COUNTA(tblJanuary[[#This Row],[1]:[31]]) -> 6
A11: =MonthName&" Total" -> January Total | B11: =SUBTOTAL(103,tblJanuary[1]) -> 0 | C11: =SUBTOTAL(103,tblJanuary[2]) -> 0 | D11: =SUBTOTAL(103,tblJanuary[3]) -> 2 | E11: =SUBTOTAL(103,tblJanuary[4]) -> 2 | F11: =SUBTOTAL(103,tblJanuary[5]) -> 3 | G11: =SUBTOTAL(103,tblJanuary[6]) -> 3 | H11: =SUBTOTAL(103,tblJanuary[7]) -> 1 | I11: =SUBTOTAL(103,tblJanuary[8]) -> 0 | J11: =SUBTOTAL(103,tblJanuary[9]) -> 0 | K11: =SUBTOTAL(103,tblJanuary[10]) -> 0 | L11: =SUBTOTAL(103,tblJanuary[11]) -> 1 | M11: =SUBTOTAL(103,tblJanuary[12]) -> 0 | N11: =SUBTOTAL(103,tblJanuary[13]) -> 1 | O11: =SUBTOTAL(103,tblJanuary[14]) -> 1 | P11: =SUBTOTAL(103,tblJanuary[15]) -> 0 | Q11: =SUBTOTAL(103,tblJanuary[16]) -> 0 | R11: =SUBTOTAL(103,tblJanuary[17]) -> 1 | S11: =SUBTOTAL(103,tblJanuary[18]) -> 0 | T11: =SUBTOTAL(103,tblJanuary[19]) -> 1 | U11: =SUBTOTAL(103,tblJanuary[20]) -> 2 | V11: =SUBTOTAL(103,tblJanuary[21]) -> 1 | W11: =SUBTOTAL(103,tblJanuary[22]) -> 0 | X11: =SUBTOTAL(103,tblJanuary[23]) -> 0 | Y11: =SUBTOTAL(103,tblJanuary[24]) -> 1 | Z11: =SUBTOTAL(103,tblJanuary[25]) -> 1 | AA11: =SUBTOTAL(103,tblJanuary[26]) -> 1 | AB11: =SUBTOTAL(103,tblJanuary[27]) -> 1 | AC11: =SUBTOTAL(103,tblJanuary[28]) -> 0 | AD11: =SUBTOTAL(103,tblJanuary[29]) -> 1 | AE11: =SUBTOTAL(103,tblJanuary[30]) -> 0 | AF11: =SUBTOTAL(103,tblJanuary[31]) -> 1 | AG11: =SUBTOTAL(109,tblJanuary[Total Days]) -> 25
B13: Color Key | G13: V | H13: Vacation | K13: P | L13: Personal | O13: S | P13: Sick | S13: J | T13: Jury Duty | W13: B | X13: Bereavement

Sheet February
A1: Employee Vacation Tracker
A2: February | B2: Dates of Absence | AG2: =CalendarYear -> 2015
B3: =TEXT(WEEKDAY(DATE(CalendarYear,2,1),1),"aaa") -> Sun | C3: =TEXT(WEEKDAY(DATE(CalendarYear,2,2),1),"aaa") -> Mon | D3: =TEXT(WEEKDAY(DATE(CalendarYear,2,3),1),"aaa") -> Tue | E3: =TEXT(WEEKDAY(DATE(CalendarYear,2,4),1),"aaa") -> Wed | F3: =TEXT(WEEKDAY(DATE(CalendarYear,2,5),1),"aaa") -> Thu | G3: =TEXT(WEEKDAY(DATE(CalendarYear,2,6),1),"aaa") -> Fri | H3: =TEXT(WEEKDAY(DATE(CalendarYear,2,7),1),"aaa") -> Sat | I3: =TEXT(WEEKDAY(DATE(CalendarYear,2,8),1),"aaa") -> Sun | J3: =TEXT(WEEKDAY(DATE(CalendarYear,2,9),1),"aaa") -> Mon | K3: =TEXT(WEEKDAY(DATE(CalendarYear,2,10),1),"aaa") -> Tue | L3: =TEXT(WEEKDAY(DATE(CalendarYear,2,11),1),"aaa") -> Wed | M3: =TEXT(WEEKDAY(DATE(CalendarYear,2,12),1),"aaa") -> Thu | N3: =TEXT(WEEKDAY(DATE(CalendarYear,2,13),1),"aaa") -> Fri | O3: =TEXT(WEEKDAY(DATE(CalendarYear,2,14),1),"aaa") -> Sat | P3: =TEXT(WEEKDAY(DATE(CalendarYear,2,15),1),"aaa") -> Sun | Q3: =TEXT(WEEKDAY(DATE(CalendarYear,2,16),1),"aaa") -> Mon | R3: =TEXT(WEEKDAY(DATE(CalendarYear,2,17),1),"aaa") -> Tue | S3: =TEXT(WEEKDAY(DATE(CalendarYear,2,18),1),"aaa") -> Wed | T3: =TEXT(WEEKDAY(DATE(CalendarYear,2,19),1),"aaa") -> Thu | U3: =TEXT(WEEKDAY(DATE(CalendarYear,2,20),1),"aaa") -> Fri | V3: =TEXT(WEEKDAY(DATE(CalendarYear,2,21),1),"aaa") -> Sat | W3: =TEXT(WEEKDAY(DATE(CalendarYear,2,22),1),"aaa") -> Sun | X3: =TEXT(WEEKDAY(DATE(CalendarYear,2,23),1),"aaa") -> Mon | Y3: =TEXT(WEEKDAY(DATE(CalendarYear,2,24),1),"aaa") -> Tue | Z3: =TEXT(WEEKDAY(DATE(CalendarYear,2,25),1),"aaa") -> Wed | AA3: =TEXT(WEEKDAY(DATE(CalendarYear,2,26),1),"aaa") -> Thu | AB3: =TEXT(WEEKDAY(DATE(CalendarYear,2,27),1),"aaa") -> Fri | AC3: =TEXT(WEEKDAY(DATE(CalendarYear,2,28),1),"aaa") -> Sat | AD3: =TEXT(WEEKDAY(DATE(CalendarYear,2,29),1),"aaa") -> Sun
A4: Employee Name | B4: 1 | C4: 2 | D4: 3 | E4: 4 | F4: 5 | G4: 6 | H4: 7 | I4: 8 | J4: 9 | K4: 10 | L4: 11 | M4: 12 | N4: 13 | O4: 14 | P4: 15 | Q4: 16 | R4: 17 | S4: 18 | T4: 19 | U4: 20 | V4: 21 | W4: 22 | X4: 23 | Y4: 24 | Z4: 25 | AA4: 26 | AB4: 27 | AC4: 28 | AD4: 29 | AG4: Total Days
A5: Employee 1 | D5: V | E5: V | F5: V | G5: V | N5: V | AG5: =COUNTA(tblFebruary[[#This Row],[1]:[29]]) -> 5
A6: Employee 2 | F6: S | G6: S | L6: P | U6: S | Z6: V | AA6: V | AB6: V | AG6: =COUNTA(tblFebruary[[#This Row],[1]:[29]]) -> 7
A7: Employee 3 | AG7: =COUNTA(tblFebruary[[#This Row],[1]:[29]]) -> 0
A8: Employee 4 | D8: S | O8: S | S8: P | AC8: S | AG8: =COUNTA(tblFebruary[[#This Row],[1]:[29]]) -> 4
A9: Employee 5 | I9: V | J9: V | K9: V | L9: V | Y9: S | AG9: =COUNTA(tblFebruary[[#This Row],[1]:[29]]) -> 5
A10: =MonthName&" Total" -> February Total | B10: =SUBTOTAL(103,tblFebruary[1]) -> 0 | C10: =SUBTOTAL(103,tblFebruary[2]) -> 0 | D10: =SUBTOTAL(103,tblFebruary[3]) -> 2 | E10: =SUBTOTAL(103,tblFebruary[4]) -> 1 | F10: =SUBTOTAL(103,tblFebruary[5]) -> 2 | G10: =SUBTOTAL(103,tblFebruary[6]) -> 2 | H10: =SUBTOTAL(103,tblFebruary[7]) -> 0 | I10: =SUBTOTAL(103,tblFebruary[8]) -> 1 | J10: =SUBTOTAL(103,tblFebruary[9]) -> 1 | K10: =SUBTOTAL(103,tblFebruary[10]) -> 1 | L10: =SUBTOTAL(103,tblFebruary[11]) -> 2 | M10: =SUBTOTAL(103,tblFebruary[12]) -> 0 | N10: =SUBTOTAL(103,tblFebruary[13]) -> 1 | O10: =SUBTOTAL(103,tblFebruary[14]) -> 1 | P10: =SUBTOTAL(103,tblFebruary[15]) -> 0 | Q10: =SUBTOTAL(103,tblFebruary[16]) -> 0 | R10: =SUBTOTAL(103,tblFebruary[17]) -> 0 | S10: =SUBTOTAL(103,tblFebruary[18]) -> 1 | T10: =SUBTOTAL(103,tblFebruary[19]) -> 0 | U10: =SUBTOTAL(103,tblFebruary[20]) -> 1 | V10: =SUBTOTAL(103,tblFebruary[21]) -> 0 | W10: =SUBTOTAL(103,tblFebruary[22]) -> 0 | X10: =SUBTOTAL(103,tblFebruary[23]) -> 0 | Y10: =SUBTOTAL(103,tblFebruary[24]) -> 1 | Z10: =SUBTOTAL(103,tblFebruary[25]) -> 1 | AA10: =SUBTOTAL(103,tblFebruary[26]) -> 1 | AB10: =SUBTOTAL(103,tblFebruary[27]) -> 1 | AC10: =SUBTOTAL(103,tblFebruary[28]) -> 1 | AD10: =SUBTOTAL(103,tblFebruary[29]) -> 0 | AG10: =SUBTOTAL(109,tblFebruary[Total Days]) -> 21
B12: =January!B13 -> Color Key | G12: =KeyVacation -> V | H12: =KeyVacationLabel -> Vacation | K12: =KeyPersonal -> P | L12: =KeyPersonalLabel -> Personal | O12: =KeySick -> S | P12: =KeySickLabel -> Sick | S12: =KeyCustom1 -> J | T12: =KeyCustom1Label -> Jury Duty | W12: =KeyCustom2 -> B | X12: =KeyCustom2Label -> Bereavement

Sheet March
A1: Employee Vacation Tracker
A2: March | B2: Dates of Absence | AG2: =CalendarYear -> 2015
B3: =TEXT(WEEKDAY(DATE(CalendarYear,3,1),1),"aaa") -> Sun | C3: =TEXT(WEEKDAY(DATE(CalendarYear,3,2),1),"aaa") -> Mon | D3: =TEXT(WEEKDAY(DATE(CalendarYear,3,3),1),"aaa") -> Tue | E3: =TEXT(WEEKDAY(DATE(CalendarYear,3,4),1),"aaa") -> Wed | F3: =TEXT(WEEKDAY(DATE(CalendarYear,3,5),1),"aaa") -> Thu | G3: =TEXT(WEEKDAY(DATE(CalendarYear,3,6),1),"aaa") -> Fri | H3: =TEXT(WEEKDAY(DATE(CalendarYear,3,7),1),"aaa") -> Sat | I3: =TEXT(WEEKDAY(DATE(CalendarYear,3,8),1),"aaa") -> Sun | J3: =TEXT(WEEKDAY(DATE(CalendarYear,3,9),1),"aaa") -> Mon | K3: =TEXT(WEEKDAY(DATE(CalendarYear,3,10),1),"aaa") -> Tue | L3: =TEXT(WEEKDAY(DATE(CalendarYear,3,11),1),"aaa") -> Wed | M3: =TEXT(WEEKDAY(DATE(CalendarYear,3,12),1),"aaa") -> Thu | N3: =TEXT(WEEKDAY(DATE(CalendarYear,3,13),1),"aaa") -> Fri | O3: =TEXT(WEEKDAY(DATE(CalendarYear,3,14),1),"aaa") -> Sat | P3: =TEXT(WEEKDAY(DATE(CalendarYear,3,15),1),"aaa") -> Sun | Q3: =TEXT(WEEKDAY(DATE(CalendarYear,3,16),1),"aaa") -> Mon | R3: =TEXT(WEEKDAY(DATE(CalendarYear,3,17),1),"aaa") -> Tue | S3: =TEXT(WEEKDAY(DATE(CalendarYear,3,18),1),"aaa") -> Wed | T3: =TEXT(WEEKDAY(DATE(CalendarYear,3,19),1),"aaa") -> Thu | U3: =TEXT(WEEKDAY(DATE(CalendarYear,3,20),1),"aaa") -> Fri | V3: =TEXT(WEEKDAY(DATE(CalendarYear,3,21),1),"aaa") -> Sat | W3: =TEXT(WEEKDAY(DATE(CalendarYear,3,22),1),"aaa") -> Sun | X3: =TEXT(WEEKDAY(DATE(CalendarYear,3,23),1),"aaa") -> Mon | Y3: =TEXT(WEEKDAY(DATE(CalendarYear,3,24),1),"aaa") -> Tue | Z3: =TEXT(WEEKDAY(DATE(CalendarYear,3,25),1),"aaa") -> Wed | AA3: =TEXT(WEEKDAY(DATE(CalendarYear,3,26),1),"aaa") -> Thu | AB3: =TEXT(WEEKDAY(DATE(CalendarYear,3,27),1),"aaa") -> Fri | AC3: =TEXT(WEEKDAY(DATE(CalendarYear,3,28),1),"aaa") -> Sat | AD3: =TEXT(WEEKDAY(DATE(CalendarYear,3,29),1),"aaa") -> Sun | AE3: =TEXT(WEEKDAY(DATE(CalendarYear,3,30),1),"aaa") -> Mon | AF3: =TEXT(WEEKDAY(DATE(CalendarYear,3,31),1),"aaa") -> Tue
A4: Employee Name | B4: 1 | C4: 2 | D4: 3 | E4: 4 | F4: 5 | G4: 6 | H4: 7 | I4: 8 | J4: 9 | K4: 10 | L4: 11 | M4: 12 | N4: 13 | O4: 14 | P4: 15 | Q4: 16 | R4: 17 | S4: 18 | T4: 19 | U4: 20 | V4: 21 | W4: 22 | X4: 23 | Y4: 24 | Z4: 25 | AA4: 26 | AB4: 27 | AC4: 28 | AD4: 29 | AE4: 30 | AF4: 31 | AG4: Total Days
A5: Employee 1 | AG5: =COUNTA(tblMarch[[#This Row],[1]:[29]]) -> 0
A6: Employee 2 | AG6: =COUNTA(tblMarch[[#This Row],[1]:[29]]) -> 0
A7: Employee 3 | AG7: =COUNTA(tblMarch[[#This Row],[1]:[29]]) -> 0
A8: Employee 4 | AG8: =COUNTA(tblMarch[[#This Row],[1]:[29]]) -> 0
A9: Employee 5 | AG9: =COUNTA(tblMarch[[#This Row],[1]:[29]]) -> 0
A10: =MonthName&" Total" -> March Total | B10: =SUBTOTAL(103,tblMarch[1]) -> 0 | C10: =SUBTOTAL(103,tblMarch[2]) -> 0 | D10: =SUBTOTAL(103,tblMarch[3]) -> 0 | E10: =SUBTOTAL(103,tblMarch[4]) -> 0 | F10: =SUBTOTAL(103,tblMarch[5]) -> 0 | G10: =SUBTOTAL(103,tblMarch[6]) -> 0 | H10: =SUBTOTAL(103,tblMarch[7]) -> 0 | I10: =SUBTOTAL(103,tblMarch[8]) -> 0 | J10: =SUBTOTAL(103,tblMarch[9]) -> 0 | K10: =SUBTOTAL(103,tblMarch[10]) -> 0 | L10: =SUBTOTAL(103,tblMarch[11]) -> 0 | M10: =SUBTOTAL(103,tblMarch[12]) -> 0 | N10: =SUBTOTAL(103,tblMarch[13]) -> 0 | O10: =SUBTOTAL(103,tblMarch[14]) -> 0 | P10: =SUBTOTAL(103,tblMarch[15]) -> 0 | Q10: =SUBTOTAL(103,tblMarch[16]) -> 0 | R10: =SUBTOTAL(103,tblMarch[17]) -> 0 | S10: =SUBTOTAL(103,tblMarch[18]) -> 0 | T10: =SUBTOTAL(103,tblMarch[19]) -> 0 | U10: =SUBTOTAL(103,tblMarch[20]) -> 0 | V10: =SUBTOTAL(103,tblMarch[21]) -> 0 | W10: =SUBTOTAL(103,tblMarch[22]) -> 0 | X10: =SUBTOTAL(103,tblMarch[23]) -> 0 | Y10: =SUBTOTAL(103,tblMarch[24]) -> 0 | Z10: =SUBTOTAL(103,tblMarch[25]) -> 0 | AA10: =SUBTOTAL(103,tblMarch[26]) -> 0 | AB10: =SUBTOTAL(103,tblMarch[27]) -> 0 | AC10: =SUBTOTAL(103,tblMarch[28]) -> 0 | AD10: =SUBTOTAL(103,tblMarch[29]) -> 0 | AG10: =SUBTOTAL(109,tblMarch[Total Days]) -> 0
B12: =January!B13 -> Color Key | G12: =KeyVacation -> V | H12: =KeyVacationLabel -> Vacation | K12: =KeyPersonal -> P | L12: =KeyPersonalLabel -> Personal | O12: =KeySick -> S | P12: =KeySickLabel -> Sick | S12: =KeyCustom1 -> J | T12: =KeyCustom1Label -> Jury Duty | W12: =KeyCustom2 -> B | X12: =KeyCustom2Label -> Bereavement

Sheet April
A1: Employee Vacation Tracker
A2: April | B2: Dates of Absence | AG2: =CalendarYear -> 2015
B3: =TEXT(WEEKDAY(DATE(CalendarYear,4,1),1),"aaa") -> Wed | C3: =TEXT(WEEKDAY(DATE(CalendarYear,4,2),1),"aaa") -> Thu | D3: =TEXT(WEEKDAY(DATE(CalendarYear,4,3),1),"aaa") -> Fri | E3: =TEXT(WEEKDAY(DATE(CalendarYear,4,4),1),"aaa") -> Sat | F3: =TEXT(WEEKDAY(DATE(CalendarYear,4,5),1),"aaa") -> Sun | G3: =TEXT(WEEKDAY(DATE(CalendarYear,4,6),1),"aaa") -> Mon | H3: =TEXT(WEEKDAY(DATE(CalendarYear,4,7),1),"aaa") -> Tue | I3: =TEXT(WEEKDAY(DATE(CalendarYear,4,8),1),"aaa") -> Wed | J3: =TEXT(WEEKDAY(DATE(CalendarYear,4,9),1),"aaa") -> Thu | K3: =TEXT(WEEKDAY(DATE(CalendarYear,4,10),1),"aaa") -> Fri | L3: =TEXT(WEEKDAY(DATE(CalendarYear,4,11),1),"aaa") -> Sat | M3: =TEXT(WEEKDAY(DATE(CalendarYear,4,12),1),"aaa") -> Sun | N3: =TEXT(WEEKDAY(DATE(CalendarYear,4,13),1),"aaa") -> Mon | O3: =TEXT(WEEKDAY(DATE(CalendarYear,4,14),1),"aaa") -> Tue | P3: =TEXT(WEEKDAY(DATE(CalendarYear,4,15),1),"aaa") -> Wed | Q3: =TEXT(WEEKDAY(DATE(CalendarYear,4,16),1),"aaa") -> Thu | R3: =TEXT(WEEKDAY(DATE(CalendarYear,4,17),1),"aaa") -> Fri | S3: =TEXT(WEEKDAY(DATE(CalendarYear,4,18),1),"aaa") -> Sat | T3: =TEXT(WEEKDAY(DATE(CalendarYear,4,19),1),"aaa") -> Sun | U3: =TEXT(WEEKDAY(DATE(CalendarYear,4,20),1),"aaa") -> Mon | V3: =TEXT(WEEKDAY(DATE(CalendarYear,4,21),1),"aaa") -> Tue | W3: =TEXT(WEEKDAY(DATE(CalendarYear,4,22),1),"aaa") -> Wed | X3: =TEXT(WEEKDAY(DATE(CalendarYear,4,23),1),"aaa") -> Thu | Y3: =TEXT(WEEKDAY(DATE(CalendarYear,4,24),1),"aaa") -> Fri | Z3: =TEXT(WEEKDAY(DATE(CalendarYear,4,25),1),"aaa") -> Sat | AA3: =TEXT(WEEKDAY(DATE(CalendarYear,4,26),1),"aaa") -> Sun | AB3: =TEXT(WEEKDAY(DATE(CalendarYear,4,27),1),"aaa") -> Mon | AC3: =TEXT(WEEKDAY(DATE(CalendarYear,4,28),1),"aaa") -> Tue | AD3: =TEXT(WEEKDAY(DATE(CalendarYear,4,29),1),"aaa") -> Wed | AE3: =TEXT(WEEKDAY(DATE(CalendarYear,4,30),1),"aaa") -> Thu
A4: Employee Name | B4: 1 | C4: 2 | D4: 3 | E4: 4 | F4: 5 | G4: 6 | H4: 7 | I4: 8 | J4: 9 | K4: 10 | L4: 11 | M4: 12 | N4: 13 | O4: 14 | P4: 15 | Q4: 16 | R4: 17 | S4: 18 | T4: 19 | U4: 20 | V4: 21 | W4: 22 | X4: 23 | Y4: 24 | Z4: 25 | AA4: 26 | AB4: 27 | AC4: 28 | AD4: 29 | AE4: 30 | AG4: Total Days
A5: Employee 1 | AG5: =COUNTA(tblApril[[#This Row],[1]:[29]]) -> 0
A6: Employee 2 | AG6: =COUNTA(tblApril[[#This Row],[1]:[29]]) -> 0
A7: Employee 3 | AG7: =COUNTA(tblApril[[#This Row],[1]:[29]]) -> 0
A8: Employee 4 | AG8: =COUNTA(tblApril[[#This Row],[1]:[29]]) -> 0
A9: Employee 5 | AG9: =COUNTA(tblApril[[#This Row],[1]:[29]]) -> 0
A10: =MonthName&" Total" -> April Total | B10: =SUBTOTAL(103,tblApril[1]) -> 0 | C10: =SUBTOTAL(103,tblApril[2]) -> 0 | D10: =SUBTOTAL(103,tblApril[3]) -> 0 | E10: =SUBTOTAL(103,tblApril[4]) -> 0 | F10: =SUBTOTAL(103,tblApril[5]) -> 0 | G10: =SUBTOTAL(103,tblApril[6]) -> 0 | H10: =SUBTOTAL(103,tblApril[7]) -> 0 | I10: =SUBTOTAL(103,tblApril[8]) -> 0 | J10: =SUBTOTAL(103,tblApril[9]) -> 0 | K10: =SUBTOTAL(103,tblApril[10]) -> 0 | L10: =SUBTOTAL(103,tblApril[11]) -> 0 | M10: =SUBTOTAL(103,tblApril[12]) -> 0 | N10: =SUBTOTAL(103,tblApril[13]) -> 0 | O10: =SUBTOTAL(103,tblApril[14]) -> 0 | P10: =SUBTOTAL(103,tblApril[15]) -> 0 | Q10: =SUBTOTAL(103,tblApril[16]) -> 0 | R10: =SUBTOTAL(103,tblApril[17]) -> 0 | S10: =SUBTOTAL(103,tblApril[18]) -> 0 | T10: =SUBTOTAL(103,tblApril[19]) -> 0 | U10: =SUBTOTAL(103,tblApril[20]) -> 0 | V10: =SUBTOTAL(103,tblApril[21]) -> 0 | W10: =SUBTOTAL(103,tblApril[22]) -> 0 | X10: =SUBTOTAL(103,tblApril[23]) -> 0 | Y10: =SUBTOTAL(103,tblApril[24]) -> 0 | Z10: =SUBTOTAL(103,tblApril[25]) -> 0 | AA10: =SUBTOTAL(103,tblApril[26]) -> 0 | AB10: =SUBTOTAL(103,tblApril[27]) -> 0 | AC10: =SUBTOTAL(103,tblApril[28]) -> 0 | AD10: =SUBTOTAL(103,tblApril[29]) -> 0 | AG10: =SUBTOTAL(109,tblApril[Total Days]) -> 0
B12: =January!B13 -> Color Key | G12: =KeyVacation -> V | H12: =KeyVacationLabel -> Vacation | K12: =KeyPersonal -> P | L12: =KeyPersonalLabel -> Personal | O12: =KeySick -> S | P12: =KeySickLabel -> Sick | S12: =KeyCustom1 -> J | T12: =KeyCustom1Label -> Jury Duty | W12: =KeyCustom2 -> B | X12: =KeyCustom2Label -> Bereavement

Sheet May
A1: Employee Vacation Tracker
A2: May | B2: Dates of Absence | AG2: =CalendarYear -> 2015
B3: =TEXT(WEEKDAY(DATE(CalendarYear,5,1),1),"aaa") -> Fri | C3: =TEXT(WEEKDAY(DATE(CalendarYear,5,2),1),"aaa") -> Sat | D3: =TEXT(WEEKDAY(DATE(CalendarYear,5,3),1),"aaa") -> Sun | E3: =TEXT(WEEKDAY(DATE(CalendarYear,5,4),1),"aaa") -> Mon | F3: =TEXT(WEEKDAY(DATE(CalendarYear,5,5),1),"aaa") -> Tue | G3: =TEXT(WEEKDAY(DATE(CalendarYear,5,6),1),"aaa") -> Wed | H3: =TEXT(WEEKDAY(DATE(CalendarYear,5,7),1),"aaa") -> Thu | I3: =TEXT(WEEKDAY(DATE(CalendarYear,5,8),1),"aaa") -> Fri | J3: =TEXT(WEEKDAY(DATE(CalendarYear,5,9),1),"aaa") -> Sat | K3: =TEXT(WEEKDAY(DATE(CalendarYear,5,10),1),"aaa") -> Sun | L3: =TEXT(WEEKDAY(DATE(CalendarYear,5,11),1),"aaa") -> Mon | M3: =TEXT(WEEKDAY(DATE(CalendarYear,5,12),1),"aaa") -> Tue | N3: =TEXT(WEEKDAY(DATE(CalendarYear,5,13),1),"aaa") -> Wed | O3: =TEXT(WEEKDAY(DATE(CalendarYear,5,14),1),"aaa") -> Thu | P3: =TEXT(WEEKDAY(DATE(CalendarYear,5,15),1),"aaa") -> Fri | Q3: =TEXT(WEEKDAY(DATE(CalendarYear,5,16),1),"aaa") -> Sat | R3: =TEXT(WEEKDAY(DATE(CalendarYear,5,17),1),"aaa") -> Sun | S3: =TEXT(WEEKDAY(DATE(CalendarYear,5,18),1),"aaa") -> Mon | T3: =TEXT(WEEKDAY(DATE(CalendarYear,5,19),1),"aaa") -> Tue | U3: =TEXT(WEEKDAY(DATE(CalendarYear,5,20),1),"aaa") -> Wed | V3: =TEXT(WEEKDAY(DATE(CalendarYear,5,21),1),"aaa") -> Thu | W3: =TEXT(WEEKDAY(DATE(CalendarYear,5,22),1),"aaa") -> Fri | X3: =TEXT(WEEKDAY(DATE(CalendarYear,5,23),1),"aaa") -> Sat | Y3: =TEXT(WEEKDAY(DATE(CalendarYear,5,24),1),"aaa") -> Sun | Z3: =TEXT(WEEKDAY(DATE(CalendarYear,5,25),1),"aaa") -> Mon | AA3: =TEXT(WEEKDAY(DATE(CalendarYear,5,26),1),"aaa") -> Tue | AB3: =TEXT(WEEKDAY(DATE(CalendarYear,5,27),1),"aaa") -> Wed | AC3: =TEXT(WEEKDAY(DATE(CalendarYear,5,28),1),"aaa") -> Thu | AD3: =TEXT(WEEKDAY(DATE(CalendarYear,5,29),1),"aaa") -> Fri | AE3: =TEXT(WEEKDAY(DATE(CalendarYear,5,30),1),"aaa") -> Sat | AF3: =TEXT(WEEKDAY(DATE(CalendarYear,5,31),1),"aaa") -> Sun
A4: Employee Name | B4: 1 | C4: 2 | D4: 3 | E4: 4 | F4: 5 | G4: 6 | H4: 7 | I4: 8 | J4: 9 | K4: 10 | L4: 11 | M4: 12 | N4: 13 | O4: 14 | P4: 15 | Q4: 16 | R4: 17 | S4: 18 | T4: 19 | U4: 20 | V4: 21 | W4: 22 | X4: 23 | Y4: 24 | Z4: 25 | AA4: 26 | AB4: 27 | AC4: 28 | AD4: 29 | AE4: 30 | AF4: 31 | AG4: Total Days
A5: Employee 1 | AG5: =COUNTA(tblMay[[#This Row],[1]:[29]]) -> 0
A6: Employee 2 | AG6: =COUNTA(tblMay[[#This Row],[1]:[29]]) -> 0
A7: Employee 3 | AG7: =COUNTA(tblMay[[#This Row],[1]:[29]]) -> 0
A8: Employee 4 | AG8: =COUNTA(tblMay[[#This Row],[1]:[29]]) -> 0
A9: Employee 5 | AG9: =COUNTA(tblMay[[#This Row],[1]:[29]]) -> 0
A10: =MonthName&" Total" -> May Total | B10: =SUBTOTAL(103,tblMay[1]) -> 0 | C10: =SUBTOTAL(103,tblMay[2]) -> 0 | D10: =SUBTOTAL(103,tblMay[3]) -> 0 | E10: =SUBTOTAL(103,tblMay[4]) -> 0 | F10: =SUBTOTAL(103,tblMay[5]) -> 0 | G10: =SUBTOTAL(103,tblMay[6]) -> 0 | H10: =SUBTOTAL(103,tblMay[7]) -> 0 | I10: =SUBTOTAL(103,tblMay[8]) -> 0 | J10: =SUBTOTAL(103,tblMay[9]) -> 0 | K10: =SUBTOTAL(103,tblMay[10]) -> 0 | L10: =SUBTOTAL(103,tblMay[11]) -> 0 | M10: =SUBTOTAL(103,tblMay[12]) -> 0 | N10: =SUBTOTAL(103,tblMay[13]) -> 0 | O10: =SUBTOTAL(103,tblMay[14]) -> 0 | P10: =SUBTOTAL(103,tblMay[15]) -> 0 | Q10: =SUBTOTAL(103,tblMay[16]) -> 0 | R10: =SUBTOTAL(103,tblMay[17]) -> 0 | S10: =SUBTOTAL(103,tblMay[18]) -> 0 | T10: =SUBTOTAL(103,tblMay[19]) -> 0 | U10: =SUBTOTAL(103,tblMay[20]) -> 0 | V10: =SUBTOTAL(103,tblMay[21]) -> 0 | W10: =SUBTOTAL(103,tblMay[22]) -> 0 | X10: =SUBTOTAL(103,tblMay[23]) -> 0 | Y10: =SUBTOTAL(103,tblMay[24]) -> 0 | Z10: =SUBTOTAL(103,tblMay[25]) -> 0 | AA10: =SUBTOTAL(103,tblMay[26]) -> 0 | AB10: =SUBTOTAL(103,tblMay[27]) -> 0 | AC10: =SUBTOTAL(103,tblMay[28]) -> 0 | AD10: =SUBTOTAL(103,tblMay[29]) -> 0 | AG10: =SUBTOTAL(109,tblMay[Total Days]) -> 0
B12: =January!B13 -> Color Key | G12: =KeyVacation -> V | H12: =KeyVacationLabel -> Vacation | K12: =KeyPersonal -> P | L12: =KeyPersonalLabel -> Personal | O12: =KeySick -> S | P12: =KeySickLabel -> Sick | S12: =KeyCustom1 -> J | T12: =KeyCustom1Label -> Jury Duty | W12: =KeyCustom2 -> B | X12: =KeyCustom2Label -> Bereavement

Sheet June
A1: Employee Vacation Tracker
A2: June | B2: Dates of Absence | AG2: =CalendarYear -> 2015
B3: =TEXT(WEEKDAY(DATE(CalendarYear,6,1),1),"aaa") -> Mon | C3: =TEXT(WEEKDAY(DATE(CalendarYear,6,2),1),"aaa") -> Tue | D3: =TEXT(WEEKDAY(DATE(CalendarYear,6,3),1),"aaa") -> Wed | E3: =TEXT(WEEKDAY(DATE(CalendarYear,6,4),1),"aaa") -> Thu | F3: =TEXT(WEEKDAY(DATE(CalendarYear,6,5),1),"aaa") -> Fri | G3: =TEXT(WEEKDAY(DATE(CalendarYear,6,6),1),"aaa") -> Sat | H3: =TEXT(WEEKDAY(DATE(CalendarYear,6,7),1),"aaa") -> Sun | I3: =TEXT(WEEKDAY(DATE(CalendarYear,6,8),1),"aaa") -> Mon | J3: =TEXT(WEEKDAY(DATE(CalendarYear,6,9),1),"aaa") -> Tue | K3: =TEXT(WEEKDAY(DATE(CalendarYear,6,10),1),"aaa") -> Wed | L3: =TEXT(WEEKDAY(DATE(CalendarYear,6,11),1),"aaa") -> Thu | M3: =TEXT(WEEKDAY(DATE(CalendarYear,6,12),1),"aaa") -> Fri | N3: =TEXT(WEEKDAY(DATE(CalendarYear,6,13),1),"aaa") -> Sat | O3: =TEXT(WEEKDAY(DATE(CalendarYear,6,14),1),"aaa") -> Sun | P3: =TEXT(WEEKDAY(DATE(CalendarYear,6,15),1),"aaa") -> Mon | Q3: =TEXT(WEEKDAY(DATE(CalendarYear,6,16),1),"aaa") -> Tue | R3: =TEXT(WEEKDAY(DATE(CalendarYear,6,17),1),"aaa") -> Wed | S3: =TEXT(WEEKDAY(DATE(CalendarYear,6,18),1),"aaa") -> Thu | T3: =TEXT(WEEKDAY(DATE(CalendarYear,6,19),1),"aaa") -> Fri | U3: =TEXT(WEEKDAY(DATE(CalendarYear,6,20),1),"aaa") -> Sat | V3: =TEXT(WEEKDAY(DATE(CalendarYear,6,21),1),"aaa") -> Sun | W3: =TEXT(WEEKDAY(DATE(CalendarYear,6,22),1),"aaa") -> Mon | X3: =TEXT(WEEKDAY(DATE(CalendarYear,6,23),1),"aaa") -> Tue | Y3: =TEXT(WEEKDAY(DATE(CalendarYear,6,24),1),"aaa") -> Wed | Z3: =TEXT(WEEKDAY(DATE(CalendarYear,6,25),1),"aaa") -> Thu | AA3: =TEXT(WEEKDAY(DATE(CalendarYear,6,26),1),"aaa") -> Fri | AB3: =TEXT(WEEKDAY(DATE(CalendarYear,6,27),1),"aaa") -> Sat | AC3: =TEXT(WEEKDAY(DATE(CalendarYear,6,28),1),"aaa") -> Sun | AD3: =TEXT(WEEKDAY(DATE(CalendarYear,6,29),1),"aaa") -> Mon | AE3: =TEXT(WEEKDAY(DATE(CalendarYear,6,30),1),"aaa") -> Tue
A4: Employee Name | B4: 1 | C4: 2 | D4: 3 | E4: 4 | F4: 5 | G4: 6 | H4: 7 | I4: 8 | J4: 9 | K4: 10 | L4: 11 | M4: 12 | N4: 13 | O4: 14 | P4: 15 | Q4: 16 | R4: 17 | S4: 18 | T4: 19 | U4: 20 | V4: 21 | W4: 22 | X4: 23 | Y4: 24 | Z4: 25 | AA4: 26 | AB4: 27 | AC4: 28 | AD4: 29 | AE4: 30 | AG4: Total Days
A5: Employee 1 | AG5: =COUNTA(tblJune[[#This Row],[1]:[29]]) -> 0
A6: Employee 2 | AG6: =COUNTA(tblJune[[#This Row],[1]:[29]]) -> 0
A7: Employee 3 | AG7: =COUNTA(tblJune[[#This Row],[1]:[29]]) -> 0
A8: Employee 4 | AG8: =COUNTA(tblJune[[#This Row],[1]:[29]]) -> 0
A9: Employee 5 | AG9: =COUNTA(tblJune[[#This Row],[1]:[29]]) -> 0
A10: =MonthName&" Total" -> June Total | B10: =SUBTOTAL(103,tblJune[1]) -> 0 | C10: =SUBTOTAL(103,tblJune[2]) -> 0 | D10: =SUBTOTAL(103,tblJune[3]) -> 0 | E10: =SUBTOTAL(103,tblJune[4]) -> 0 | F10: =SUBTOTAL(103,tblJune[5]) -> 0 | G10: =SUBTOTAL(103,tblJune[6]) -> 0 | H10: =SUBTOTAL(103,tblJune[7]) -> 0 | I10: =SUBTOTAL(103,tblJune[8]) -> 0 | J10: =SUBTOTAL(103,tblJune[9]) -> 0 | K10: =SUBTOTAL(103,tblJune[10]) -> 0 | L10: =SUBTOTAL(103,tblJune[11]) -> 0 | M10: =SUBTOTAL(103,tblJune[12]) -> 0 | N10: =SUBTOTAL(103,tblJune[13]) -> 0 | O10: =SUBTOTAL(103,tblJune[14]) -> 0 | P10: =SUBTOTAL(103,tblJune[15]) -> 0 | Q10: =SUBTOTAL(103,tblJune[16]) -> 0 | R10: =SUBTOTAL(103,tblJune[17]) -> 0 | S10: =SUBTOTAL(103,tblJune[18]) -> 0 | T10: =SUBTOTAL(103,tblJune[19]) -> 0 | U10: =SUBTOTAL(103,tblJune[20]) -> 0 | V10: =SUBTOTAL(103,tblJune[21]) -> 0 | W10: =SUBTOTAL(103,tblJune[22]) -> 0 | X10: =SUBTOTAL(103,tblJune[23]) -> 0 | Y10: =SUBTOTAL(103,tblJune[24]) -> 0 | Z10: =SUBTOTAL(103,tblJune[25]) -> 0 | AA10: =SUBTOTAL(103,tblJune[26]) -> 0 | AB10: =SUBTOTAL(103,tblJune[27]) -> 0 | AC10: =SUBTOTAL(103,tblJune[28]) -> 0 | AD10: =SUBTOTAL(103,tblJune[29]) -> 0 | AG10: =SUBTOTAL(109,tblJune[Total Days]) -> 0
B12: =January!B13 -> Color Key | G12: =KeyVacation -> V | H12: =KeyVacationLabel -> Vacation | K12: =KeyPersonal -> P | L12: =KeyPersonalLabel -> Personal | O12: =KeySick -> S | P12: =KeySickLabel -> Sick | S12: =KeyCustom1 -> J | T12: =KeyCustom1Label -> Jury Duty | W12: =KeyCustom2 -> B | X12: =KeyCustom2Label -> Bereavement

Sheet July
A1: Employee Vacation Tracker
A2: July | B2: Dates of Absence | AG2: =CalendarYear -> 2015
B3: =TEXT(WEEKDAY(DATE(CalendarYear,7,1),1),"aaa") -> Wed | C3: =TEXT(WEEKDAY(DATE(CalendarYear,7,2),1),"aaa") -> Thu | D3: =TEXT(WEEKDAY(DATE(CalendarYear,7,3),1),"aaa") -> Fri | E3: =TEXT(WEEKDAY(DATE(CalendarYear,7,4),1),"aaa") -> Sat | F3: =TEXT(WEEKDAY(DATE(CalendarYear,7,5),1),"aaa") -> Sun | G3: =TEXT(WEEKDAY(DATE(CalendarYear,7,6),1),"aaa") -> Mon | H3: =TEXT(WEEKDAY(DATE(CalendarYear,7,7),1),"aaa") -> Tue | I3: =TEXT(WEEKDAY(DATE(CalendarYear,7,8),1),"aaa") -> Wed | J3: =TEXT(WEEKDAY(DATE(CalendarYear,7,9),1),"aaa") -> Thu | K3: =TEXT(WEEKDAY(DATE(CalendarYear,7,10),1),"aaa") -> Fri | L3: =TEXT(WEEKDAY(DATE(CalendarYear,7,11),1),"aaa") -> Sat | M3: =TEXT(WEEKDAY(DATE(CalendarYear,7,12),1),"aaa") -> Sun | N3: =TEXT(WEEKDAY(DATE(CalendarYear,7,13),1),"aaa") -> Mon | O3: =TEXT(WEEKDAY(DATE(CalendarYear,7,14),1),"aaa") -> Tue | P3: =TEXT(WEEKDAY(DATE(CalendarYear,7,15),1),"aaa") -> Wed | Q3: =TEXT(WEEKDAY(DATE(CalendarYear,7,16),1),"aaa") -> Thu | R3: =TEXT(WEEKDAY(DATE(CalendarYear,7,17),1),"aaa") -> Fri | S3: =TEXT(WEEKDAY(DATE(CalendarYear,7,18),1),"aaa") -> Sat | T3: =TEXT(WEEKDAY(DATE(CalendarYear,7,19),1),"aaa") -> Sun | U3: =TEXT(WEEKDAY(DATE(CalendarYear,7,20),1),"aaa") -> Mon | V3: =TEXT(WEEKDAY(DATE(CalendarYear,7,21),1),"aaa") -> Tue | W3: =TEXT(WEEKDAY(DATE(CalendarYear,7,22),1),"aaa") -> Wed | X3: =TEXT(WEEKDAY(DATE(CalendarYear,7,23),1),"aaa") -> Thu | Y3: =TEXT(WEEKDAY(DATE(CalendarYear,7,24),1),"aaa") -> Fri | Z3: =TEXT(WEEKDAY(DATE(CalendarYear,7,25),1),"aaa") -> Sat | AA3: =TEXT(WEEKDAY(DATE(CalendarYear,7,26),1),"aaa") -> Sun | AB3: =TEXT(WEEKDAY(DATE(CalendarYear,7,27),1),"aaa") -> Mon | AC3: =TEXT(WEEKDAY(DATE(CalendarYear,7,28),1),"aaa") -> Tue | AD3: =TEXT(WEEKDAY(DATE(CalendarYear,7,29),1),"aaa") -> Wed | AE3: =TEXT(WEEKDAY(DATE(CalendarYear,7,30),1),"aaa") -> Thu | AF3: =TEXT(WEEKDAY(DATE(CalendarYear,7,31),1),"aaa") -> Fri
A4: Employee Name | B4: 1 | C4: 2 | D4: 3 | E4: 4 | F4: 5 | G4: 6 | H4: 7 | I4: 8 | J4: 9 | K4: 10 | L4: 11 | M4: 12 | N4: 13 | O4: 14 | P4: 15 | Q4: 16 | R4: 17 | S4: 18 | T4: 19 | U4: 20 | V4: 21 | W4: 22 | X4: 23 | Y4: 24 | Z4: 25 | AA4: 26 | AB4: 27 | AC4: 28 | AD4: 29 | AE4: 30 | AF4: 31 | AG4: Total Days
A5: Employee 1 | AG5: =COUNTA(tblJuly[[#This Row],[1]:[29]]) -> 0
A6: Employee 2 | AG6: =COUNTA(tblJuly[[#This Row],[1]:[29]]) -> 0
A7: Employee 3 | AG7: =COUNTA(tblJuly[[#This Row],[1]:[29]]) -> 0
A8: Employee 4 | AG8: =COUNTA(tblJuly[[#This Row],[1]:[29]]) -> 0
A9: Employee 5 | AG9: =COUNTA(tblJuly[[#This Row],[1]:[29]]) -> 0
A10: =MonthName&" Total" -> July Total | B10: =SUBTOTAL(103,tblJuly[1]) -> 0 | C10: =SUBTOTAL(103,tblJuly[2]) -> 0 | D10: =SUBTOTAL(103,tblJuly[3]) -> 0 | E10: =SUBTOTAL(103,tblJuly[4]) -> 0 | F10: =SUBTOTAL(103,tblJuly[5]) -> 0 | G10: =SUBTOTAL(103,tblJuly[6]) -> 0 | H10: =SUBTOTAL(103,tblJuly[7]) -> 0 | I10: =SUBTOTAL(103,tblJuly[8]) -> 0 | J10: =SUBTOTAL(103,tblJuly[9]) -> 0 | K10: =SUBTOTAL(103,tblJuly[10]) -> 0 | L10: =SUBTOTAL(103,tblJuly[11]) -> 0 | M10: =SUBTOTAL(103,tblJuly[12]) -> 0 | N10: =SUBTOTAL(103,tblJuly[13]) -> 0 | O10: =SUBTOTAL(103,tblJuly[14]) -> 0 | P10: =SUBTOTAL(103,tblJuly[15]) -> 0 | Q10: =SUBTOTAL(103,tblJuly[16]) -> 0 | R10: =SUBTOTAL(103,tblJuly[17]) -> 0 | S10: =SUBTOTAL(103,tblJuly[18]) -> 0 | T10: =SUBTOTAL(103,tblJuly[19]) -> 0 | U10: =SUBTOTAL(103,tblJuly[20]) -> 0 | V10: =SUBTOTAL(103,tblJuly[21]) -> 0 | W10: =SUBTOTAL(103,tblJuly[22]) -> 0 | X10: =SUBTOTAL(103,tblJuly[23]) -> 0 | Y10: =SUBTOTAL(103,tblJuly[24]) -> 0 | Z10: =SUBTOTAL(103,tblJuly[25]) -> 0 | AA10: =SUBTOTAL(103,tblJuly[26]) -> 0 | AB10: =SUBTOTAL(103,tblJuly[27]) -> 0 | AC10: =SUBTOTAL(103,tblJuly[28]) -> 0 | AD10: =SUBTOTAL(103,tblJuly[29]) -> 0 | AG10: =SUBTOTAL(109,tblJuly[Total Days]) -> 0
B12: =January!B13 -> Color Key | G12: =KeyVacation -> V | H12: =KeyVacationLabel -> Vacation | K12: =KeyPersonal -> P | L12: =KeyPersonalLabel -> Personal | O12: =KeySick -> S | P12: =KeySickLabel -> Sick | S12: =KeyCustom1 -> J | T12: =KeyCustom1Label -> Jury Duty | W12: =KeyCustom2 -> B | X12: =KeyCustom2Label -> Bereavement

Sheet August
A1: Employee Vacation Tracker
A2: August | B2: Dates of Absence | AG2: =CalendarYear -> 2015
B3: =TEXT(WEEKDAY(DATE(CalendarYear,8,1),1),"aaa") -> Sat | C3: =TEXT(WEEKDAY(DATE(CalendarYear,8,2),1),"aaa") -> Sun | D3: =TEXT(WEEKDAY(DATE(CalendarYear,8,3),1),"aaa") -> Mon | E3: =TEXT(WEEKDAY(DATE(CalendarYear,8,4),1),"aaa") -> Tue | F3: =TEXT(WEEKDAY(DATE(CalendarYear,8,5),1),"aaa") -> Wed | G3: =TEXT(WEEKDAY(DATE(CalendarYear,8,6),1),"aaa") -> Thu | H3: =TEXT(WEEKDAY(DATE(CalendarYear,8,7),1),"aaa") -> Fri | I3: =TEXT(WEEKDAY(DATE(CalendarYear,8,8),1),"aaa") -> Sat | J3: =TEXT(WEEKDAY(DATE(CalendarYear,8,9),1),"aaa") -> Sun | K3: =TEXT(WEEKDAY(DATE(CalendarYear,8,10),1),"aaa") -> Mon | L3: =TEXT(WEEKDAY(DATE(CalendarYear,8,11),1),"aaa") -> Tue | M3: =TEXT(WEEKDAY(DATE(CalendarYear,8,12),1),"aaa") -> Wed | N3: =TEXT(WEEKDAY(DATE(CalendarYear,8,13),1),"aaa") -> Thu | O3: =TEXT(WEEKDAY(DATE(CalendarYear,8,14),1),"aaa") -> Fri | P3: =TEXT(WEEKDAY(DATE(CalendarYear,8,15),1),"aaa") -> Sat | Q3: =TEXT(WEEKDAY(DATE(CalendarYear,8,16),1),"aaa") -> Sun | R3: =TEXT(WEEKDAY(DATE(CalendarYear,8,17),1),"aaa") -> Mon | S3: =TEXT(WEEKDAY(DATE(CalendarYear,8,18),1),"aaa") -> Tue | T3: =TEXT(WEEKDAY(DATE(CalendarYear,8,19),1),"aaa") -> Wed | U3: =TEXT(WEEKDAY(DATE(CalendarYear,8,20),1),"aaa") -> Thu | V3: =TEXT(WEEKDAY(DATE(CalendarYear,8,21),1),"aaa") -> Fri | W3: =TEXT(WEEKDAY(DATE(CalendarYear,8,22),1),"aaa") -> Sat | X3: =TEXT(WEEKDAY(DATE(CalendarYear,8,23),1),"aaa") -> Sun | Y3: =TEXT(WEEKDAY(DATE(CalendarYear,8,24),1),"aaa") -> Mon | Z3: =TEXT(WEEKDAY(DATE(CalendarYear,8,25),1),"aaa") -> Tue | AA3: =TEXT(WEEKDAY(DATE(CalendarYear,8,26),1),"aaa") -> Wed | AB3: =TEXT(WEEKDAY(DATE(CalendarYear,8,27),1),"aaa") -> Thu | AC3: =TEXT(WEEKDAY(DATE(CalendarYear,8,28),1),"aaa") -> Fri | AD3: =TEXT(WEEKDAY(DATE(CalendarYear,8,29),1),"aaa") -> Sat | AE3: =TEXT(WEEKDAY(DATE(CalendarYear,8,30),1),"aaa") -> Sun | AF3: =TEXT(WEEKDAY(DATE(CalendarYear,8,31),1),"aaa") -> Mon
A4: Employee Name | B4: 1 | C4: 2 | D4: 3 | E4: 4 | F4: 5 | G4: 6 | H4: 7 | I4: 8 | J4: 9 | K4: 10 | L4: 11 | M4: 12 | N4: 13 | O4: 14 | P4: 15 | Q4: 16 | R4: 17 | S4: 18 | T4: 19 | U4: 20 | V4: 21 | W4: 22 | X4: 23 | Y4: 24 | Z4: 25 | AA4: 26 | AB4: 27 | AC4: 28 | AD4: 29 | AE4: 30 | AF4: 31 | AG4: Total Days
A5: Employee 1 | AG5: =COUNTA(tblAugust[[#This Row],[1]:[29]]) -> 0
A6: Employee 2 | AG6: =COUNTA(tblAugust[[#This Row],[1]:[29]]) -> 0
A7: Employee 3 | AG7: =COUNTA(tblAugust[[#This Row],[1]:[29]]) -> 0
A8: Employee 4 | AG8: =COUNTA(tblAugust[[#This Row],[1]:[29]]) -> 0
A9: Employee 5 | AG9: =COUNTA(tblAugust[[#This Row],[1]:[29]]) -> 0
A10: =MonthName&" Total" -> August Total | B10: =SUBTOTAL(103,tblAugust[1]) -> 0 | C10: =SUBTOTAL(103,tblAugust[2]) -> 0 | D10: =SUBTOTAL(103,tblAugust[3]) -> 0 | E10: =SUBTOTAL(103,tblAugust[4]) -> 0 | F10: =SUBTOTAL(103,tblAugust[5]) -> 0 | G10: =SUBTOTAL(103,tblAugust[6]) -> 0 | H10: =SUBTOTAL(103,tblAugust[7]) -> 0 | I10: =SUBTOTAL(103,tblAugust[8]) -> 0 | J10: =SUBTOTAL(103,tblAugust[9]) -> 0 | K10: =SUBTOTAL(103,tblAugust[10]) -> 0 | L10: =SUBTOTAL(103,tblAugust[11]) -> 0 | M10: =SUBTOTAL(103,tblAugust[12]) -> 0 | N10: =SUBTOTAL(103,tblAugust[13]) -> 0 | O10: =SUBTOTAL(103,tblAugust[14]) -> 0 | P10: =SUBTOTAL(103,tblAugust[15]) -> 0 | Q10: =SUBTOTAL(103,tblAugust[16]) -> 0 | R10: =SUBTOTAL(103,tblAugust[17]) -> 0 | S10: =SUBTOTAL(103,tblAugust[18]) -> 0 | T10: =SUBTOTAL(103,tblAugust[19]) -> 0 | U10: =SUBTOTAL(103,tblAugust[20]) -> 0 | V10: =SUBTOTAL(103,tblAugust[21]) -> 0 | W10: =SUBTOTAL(103,tblAugust[22]) -> 0 | X10: =SUBTOTAL(103,tblAugust[23]) -> 0 | Y10: =SUBTOTAL(103,tblAugust[24]) -> 0 | Z10: =SUBTOTAL(103,tblAugust[25]) -> 0 | AA10: =SUBTOTAL(103,tblAugust[26]) -> 0 | AB10: =SUBTOTAL(103,tblAugust[27]) -> 0 | AC10: =SUBTOTAL(103,tblAugust[28]) -> 0 | AD10: =SUBTOTAL(103,tblAugust[29]) -> 0 | AG10: =SUBTOTAL(109,tblAugust[Total Days]) -> 0
B12: =January!B13 -> Color Key | G12: =KeyVacation -> V | H12: =KeyVacationLabel -> Vacation | K12: =KeyPersonal -> P | L12: =KeyPersonalLabel -> Personal | O12: =KeySick -> S | P12: =KeySickLabel -> Sick | S12: =KeyCustom1 -> J | T12: =KeyCustom1Label -> Jury Duty | W12: =KeyCustom2 -> B | X12: =KeyCustom2Label -> Bereavement

Sheet September
A1: Employee Vacation Tracker
A2: September | B2: Dates of Absence | AG2: =CalendarYear -> 2015
B3: =TEXT(WEEKDAY(DATE(CalendarYear,9,1),1),"aaa") -> Tue | C3: =TEXT(WEEKDAY(DATE(CalendarYear,9,2),1),"aaa") -> Wed | D3: =TEXT(WEEKDAY(DATE(CalendarYear,9,3),1),"aaa") -> Thu | E3: =TEXT(WEEKDAY(DATE(CalendarYear,9,4),1),"aaa") -> Fri | F3: =TEXT(WEEKDAY(DATE(CalendarYear,9,5),1),"aaa") -> Sat | G3: =TEXT(WEEKDAY(DATE(CalendarYear,9,6),1),"aaa") -> Sun | H3: =TEXT(WEEKDAY(DATE(CalendarYear,9,7),1),"aaa") -> Mon | I3: =TEXT(WEEKDAY(DATE(CalendarYear,9,8),1),"aaa") -> Tue | J3: =TEXT(WEEKDAY(DATE(CalendarYear,9,9),1),"aaa") -> Wed | K3: =TEXT(WEEKDAY(DATE(CalendarYear,9,10),1),"aaa") -> Thu | L3: =TEXT(WEEKDAY(DATE(CalendarYear,9,11),1),"aaa") -> Fri | M3: =TEXT(WEEKDAY(DATE(CalendarYear,9,12),1),"aaa") -> Sat | N3: =TEXT(WEEKDAY(DATE(CalendarYear,9,13),1),"aaa") -> Sun | O3: =TEXT(WEEKDAY(DATE(CalendarYear,9,14),1),"aaa") -> Mon | P3: =TEXT(WEEKDAY(DATE(CalendarYear,9,15),1),"aaa") -> Tue | Q3: =TEXT(WEEKDAY(DATE(CalendarYear,9,16),1),"aaa") -> Wed | R3: =TEXT(WEEKDAY(DATE(CalendarYear,9,17),1),"aaa") -> Thu | S3: =TEXT(WEEKDAY(DATE(CalendarYear,9,18),1),"aaa") -> Fri | T3: =TEXT(WEEKDAY(DATE(CalendarYear,9,19),1),"aaa") -> Sat | U3: =TEXT(WEEKDAY(DATE(CalendarYear,9,20),1),"aaa") -> Sun | V3: =TEXT(WEEKDAY(DATE(CalendarYear,9,21),1),"aaa") -> Mon | W3: =TEXT(WEEKDAY(DATE(CalendarYear,9,22),1),"aaa") -> Tue | X3: =TEXT(WEEKDAY(DATE(CalendarYear,9,23),1),"aaa") -> Wed | Y3: =TEXT(WEEKDAY(DATE(CalendarYear,9,24),1),"aaa") -> Thu | Z3: =TEXT(WEEKDAY(DATE(CalendarYear,9,25),1),"aaa") -> Fri | AA3: =TEXT(WEEKDAY(DATE(CalendarYear,9,26),1),"aaa") -> Sat | AB3: =TEXT(WEEKDAY(DATE(CalendarYear,9,27),1),"aaa") -> Sun | AC3: =TEXT(WEEKDAY(DATE(CalendarYear,9,28),1),"aaa") -> Mon | AD3: =TEXT(WEEKDAY(DATE(CalendarYear,9,29),1),"aaa") -> Tue | AE3: =TEXT(WEEKDAY(DATE(CalendarYear,9,30),1),"aaa") -> Wed
A4: Employee Name | B4: 1 | C4: 2 | D4: 3 | E4: 4 | F4: 5 | G4: 6 | H4: 7 | I4: 8 | J4: 9 | K4: 10 | L4: 11 | M4: 12 | N4: 13 | O4: 14 | P4: 15 | Q4: 16 | R4: 17 | S4: 18 | T4: 19 | U4: 20 | V4: 21 | W4: 22 | X4: 23 | Y4: 24 | Z4: 25 | AA4: 26 | AB4: 27 | AC4: 28 | AD4: 29 | AE4: 30 | AG4: Total Days
A5: Employee 1 | AG5: =COUNTA(tblSeptember[[#This Row],[1]:[29]]) -> 0
A6: Employee 2 | AG6: =COUNTA(tblSeptember[[#This Row],[1]:[29]]) -> 0
A7: Employee 3 | AG7: =COUNTA(tblSeptember[[#This Row],[1]:[29]]) -> 0
A8: Employee 4 | AG8: =COUNTA(tblSeptember[[#This Row],[1]:[29]]) -> 0
A9: Employee 5 | AG9: =COUNTA(tblSeptember[[#This Row],[1]:[29]]) -> 0
A10: =MonthName&" Total" -> September Total | B10: =SUBTOTAL(103,tblSeptember[1]) -> 0 | C10: =SUBTOTAL(103,tblSeptember[2]) -> 0 | D10: =SUBTOTAL(103,tblSeptember[3]) -> 0 | E10: =SUBTOTAL(103,tblSeptember[4]) -> 0 | F10: =SUBTOTAL(103,tblSeptember[5]) -> 0 | G10: =SUBTOTAL(103,tblSeptember[6]) -> 0 | H10: =SUBTOTAL(103,tblSeptember[7]) -> 0 | I10: =SUBTOTAL(103,tblSeptember[8]) -> 0 | J10: =SUBTOTAL(103,tblSeptember[9]) -> 0 | K10: =SUBTOTAL(103,tblSeptember[10]) -> 0 | L10: =SUBTOTAL(103,tblSeptember[11]) -> 0 | M10: =SUBTOTAL(103,tblSeptember[12]) -> 0 | N10: =SUBTOTAL(103,tblSeptember[13]) -> 0 | O10: =SUBTOTAL(103,tblSeptember[14]) -> 0 | P10: =SUBTOTAL(103,tblSeptember[15]) -> 0 | Q10: =SUBTOTAL(103,tblSeptember[16]) -> 0 | R10: =SUBTOTAL(103,tblSeptember[17]) -> 0 | S10: =SUBTOTAL(103,tblSeptember[18]) -> 0 | T10: =SUBTOTAL(103,tblSeptember[19]) -> 0 | U10: =SUBTOTAL(103,tblSeptember[20]) -> 0 | V10: =SUBTOTAL(103,tblSeptember[21]) -> 0 | W10: =SUBTOTAL(103,tblSeptember[22]) -> 0 | X10: =SUBTOTAL(103,tblSeptember[23]) -> 0 | Y10: =SUBTOTAL(103,tblSeptember[24]) -> 0 | Z10: =SUBTOTAL(103,tblSeptember[25]) -> 0 | AA10: =SUBTOTAL(103,tblSeptember[26]) -> 0 | AB10: =SUBTOTAL(103,tblSeptember[27]) -> 0 | AC10: =SUBTOTAL(103,tblSeptember[28]) -> 0 | AD10: =SUBTOTAL(103,tblSeptember[29]) -> 0 | AG10: =SUBTOTAL(109,tblSeptember[Total Days]) -> 0
B12: =January!B13 -> Color Key | G12: =KeyVacation -> V | H12: =KeyVacationLabel -> Vacation | K12: =KeyPersonal -> P | L12: =KeyPersonalLabel -> Personal | O12: =KeySick -> S | P12: =KeySickLabel -> Sick | S12: =KeyCustom1 -> J | T12: =KeyCustom1Label -> Jury Duty | W12: =KeyCustom2 -> B | X12: =KeyCustom2Label -> Bereavement

Sheet October
A1: Employee Vacation Tracker
A2: October | B2: Dates of Absence | AG2: =CalendarYear -> 2015
B3: =TEXT(WEEKDAY(DATE(CalendarYear,10,1),1),"aaa") -> Thu | C3: =TEXT(WEEKDAY(DATE(CalendarYear,10,2),1),"aaa") -> Fri | D3: =TEXT(WEEKDAY(DATE(CalendarYear,10,3),1),"aaa") -> Sat | E3: =TEXT(WEEKDAY(DATE(CalendarYear,10,4),1),"aaa") -> Sun | F3: =TEXT(WEEKDAY(DATE(CalendarYear,10,5),1),"aaa") -> Mon | G3: =TEXT(WEEKDAY(DATE(CalendarYear,10,6),1),"aaa") -> Tue | H3: =TEXT(WEEKDAY(DATE(CalendarYear,10,7),1),"aaa") -> Wed | I3: =TEXT(WEEKDAY(DATE(CalendarYear,10,8),1),"aaa") -> Thu | J3: =TEXT(WEEKDAY(DATE(CalendarYear,10,9),1),"aaa") -> Fri | K3: =TEXT(WEEKDAY(DATE(CalendarYear,10,10),1),"aaa") -> Sat | L3: =TEXT(WEEKDAY(DATE(CalendarYear,10,11),1),"aaa") -> Sun | M3: =TEXT(WEEKDAY(DATE(CalendarYear,10,12),1),"aaa") -> Mon | N3: =TEXT(WEEKDAY(DATE(CalendarYear,10,13),1),"aaa") -> Tue | O3: =TEXT(WEEKDAY(DATE(CalendarYear,10,14),1),"aaa") -> Wed | P3: =TEXT(WEEKDAY(DATE(CalendarYear,10,15),1),"aaa") -> Thu | Q3: =TEXT(WEEKDAY(DATE(CalendarYear,10,16),1),"aaa") -> Fri | R3: =TEXT(WEEKDAY(DATE(CalendarYear,10,17),1),"aaa") -> Sat | S3: =TEXT(WEEKDAY(DATE(CalendarYear,10,18),1),"aaa") -> Sun | T3: =TEXT(WEEKDAY(DATE(CalendarYear,10,19),1),"aaa") -> Mon | U3: =TEXT(WEEKDAY(DATE(CalendarYear,10,20),1),"aaa") -> Tue | V3: =TEXT(WEEKDAY(DATE(CalendarYear,10,21),1),"aaa") -> Wed | W3: =TEXT(WEEKDAY(DATE(CalendarYear,10,22),1),"aaa") -> Thu | X3: =TEXT(WEEKDAY(DATE(CalendarYear,10,23),1),"aaa") -> Fri | Y3: =TEXT(WEEKDAY(DATE(CalendarYear,10,24),1),"aaa") -> Sat | Z3: =TEXT(WEEKDAY(DATE(CalendarYear,10,25),1),"aaa") -> Sun | AA3: =TEXT(WEEKDAY(DATE(CalendarYear,10,26),1),"aaa") -> Mon | AB3: =TEXT(WEEKDAY(DATE(CalendarYear,10,27),1),"aaa") -> Tue | AC3: =TEXT(WEEKDAY(DATE(CalendarYear,10,28),1),"aaa") -> Wed | AD3: =TEXT(WEEKDAY(DATE(CalendarYear,10,29),1),"aaa") -> Thu | AE3: =TEXT(WEEKDAY(DATE(CalendarYear,10,30),1),"aaa") -> Fri | AF3: =TEXT(WEEKDAY(DATE(CalendarYear,10,31),1),"aaa") -> Sat
A4: Employee Name | B4: 1 | C4: 2 | D4: 3 | E4: 4 | F4: 5 | G4: 6 | H4: 7 | I4: 8 | J4: 9 | K4: 10 | L4: 11 | M4: 12 | N4: 13 | O4: 14 | P4: 15 | Q4: 16 | R4: 17 | S4: 18 | T4: 19 | U4: 20 | V4: 21 | W4: 22 | X4: 23 | Y4: 24 | Z4: 25 | AA4: 26 | AB4: 27 | AC4: 28 | AD4: 29 | AE4: 30 | AF4: 31 | AG4: Total Days
A5: Employee 1 | AG5: =COUNTA(tblOctober[[#This Row],[1]:[29]]) -> 0
A6: Employee 2 | AG6: =COUNTA(tblOctober[[#This Row],[1]:[29]]) -> 0
A7: Employee 3 | AG7: =COUNTA(tblOctober[[#This Row],[1]:[29]]) -> 0
A8: Employee 4 | AG8: =COUNTA(tblOctober[[#This Row],[1]:[29]]) -> 0
A9: Employee 5 | AG9: =COUNTA(tblOctober[[#This Row],[1]:[29]]) -> 0
A10: =MonthName&" Total" -> October Total | B10: =SUBTOTAL(103,tblOctober[1]) -> 0 | C10: =SUBTOTAL(103,tblOctober[2]) -> 0 | D10: =SUBTOTAL(103,tblOctober[3]) -> 0 | E10: =SUBTOTAL(103,tblOctober[4]) -> 0 | F10: =SUBTOTAL(103,tblOctober[5]) -> 0 | G10: =SUBTOTAL(103,tblOctober[6]) -> 0 | H10: =SUBTOTAL(103,tblOctober[7]) -> 0 | I10: =SUBTOTAL(103,tblOctober[8]) -> 0 | J10: =SUBTOTAL(103,tblOctober[9]) -> 0 | K10: =SUBTOTAL(103,tblOctober[10]) -> 0 | L10: =SUBTOTAL(103,tblOctober[11]) -> 0 | M10: =SUBTOTAL(103,tblOctober[12]) -> 0 | N10: =SUBTOTAL(103,tblOctober[13]) -> 0 | O10: =SUBTOTAL(103,tblOctober[14]) -> 0 | P10: =SUBTOTAL(103,tblOctober[15]) -> 0 | Q10: =SUBTOTAL(103,tblOctober[16]) -> 0 | R10: =SUBTOTAL(103,tblOctober[17]) -> 0 | S10: =SUBTOTAL(103,tblOctober[18]) -> 0 | T10: =SUBTOTAL(103,tblOctober[19]) -> 0 | U10: =SUBTOTAL(103,tblOctober[20]) -> 0 | V10: =SUBTOTAL(103,tblOctober[21]) -> 0 | W10: =SUBTOTAL(103,tblOctober[22]) -> 0 | X10: =SUBTOTAL(103,tblOctober[23]) -> 0 | Y10: =SUBTOTAL(103,tblOctober[24]) -> 0 | Z10: =SUBTOTAL(103,tblOctober[25]) -> 0 | AA10: =SUBTOTAL(103,tblOctober[26]) -> 0 | AB10: =SUBTOTAL(103,tblOctober[27]) -> 0 | AC10: =SUBTOTAL(103,tblOctober[28]) -> 0 | AD10: =SUBTOTAL(103,tblOctober[29]) -> 0 | AG10: =SUBTOTAL(109,tblOctober[Total Days]) -> 0
B12: =January!B13 -> Color Key | G12: =KeyVacation -> V | H12: =KeyVacationLabel -> Vacation | K12: =KeyPersonal -> P | L12: =KeyPersonalLabel -> Personal | O12: =KeySick -> S | P12: =KeySickLabel -> Sick | S12: =KeyCustom1 -> J | T12: =KeyCustom1Label -> Jury Duty | W12: =KeyCustom2 -> B | X12: =KeyCustom2Label -> Bereavement

Sheet November
A1: Employee Vacation Tracker
A2: November | B2: Dates of Absence | AG2: =CalendarYear -> 2015
B3: =TEXT(WEEKDAY(DATE(CalendarYear,11,1),1),"aaa") -> Sun | C3: =TEXT(WEEKDAY(DATE(CalendarYear,11,2),1),"aaa") -> Mon | D3: =TEXT(WEEKDAY(DATE(CalendarYear,11,3),1),"aaa") -> Tue | E3: =TEXT(WEEKDAY(DATE(CalendarYear,11,4),1),"aaa") -> Wed | F3: =TEXT(WEEKDAY(DATE(CalendarYear,11,5),1),"aaa") -> Thu | G3: =TEXT(WEEKDAY(DATE(CalendarYear,11,6),1),"aaa") -> Fri | H3: =TEXT(WEEKDAY(DATE(CalendarYear,11,7),1),"aaa") -> Sat | I3: =TEXT(WEEKDAY(DATE(CalendarYear,11,8),1),"aaa") -> Sun | J3: =TEXT(WEEKDAY(DATE(CalendarYear,11,9),1),"aaa") -> Mon | K3: =TEXT(WEEKDAY(DATE(CalendarYear,11,10),1),"aaa") -> Tue | L3: =TEXT(WEEKDAY(DATE(CalendarYear,11,11),1),"aaa") -> Wed | M3: =TEXT(WEEKDAY(DATE(CalendarYear,11,12),1),"aaa") -> Thu | N3: =TEXT(WEEKDAY(DATE(CalendarYear,11,13),1),"aaa") -> Fri | O3: =TEXT(WEEKDAY(DATE(CalendarYear,11,14),1),"aaa") -> Sat | P3: =TEXT(WEEKDAY(DATE(CalendarYear,11,15),1),"aaa") -> Sun | Q3: =TEXT(WEEKDAY(DATE(CalendarYear,11,16),1),"aaa") -> Mon | R3: =TEXT(WEEKDAY(DATE(CalendarYear,11,17),1),"aaa") -> Tue | S3: =TEXT(WEEKDAY(DATE(CalendarYear,11,18),1),"aaa") -> Wed | T3: =TEXT(WEEKDAY(DATE(CalendarYear,11,19),1),"aaa") -> Thu | U3: =TEXT(WEEKDAY(DATE(CalendarYear,11,20),1),"aaa") -> Fri | V3: =TEXT(WEEKDAY(DATE(CalendarYear,11,21),1),"aaa") -> Sat | W3: =TEXT(WEEKDAY(DATE(CalendarYear,11,22),1),"aaa") -> Sun | X3: =TEXT(WEEKDAY(DATE(CalendarYear,11,23),1),"aaa") -> Mon | Y3: =TEXT(WEEKDAY(DATE(CalendarYear,11,24),1),"aaa") -> Tue | Z3: =TEXT(WEEKDAY(DATE(CalendarYear,11,25),1),"aaa") -> Wed | AA3: =TEXT(WEEKDAY(DATE(CalendarYear,11,26),1),"aaa") -> Thu | AB3: =TEXT(WEEKDAY(DATE(CalendarYear,11,27),1),"aaa") -> Fri | AC3: =TEXT(WEEKDAY(DATE(CalendarYear,11,28),1),"aaa") -> Sat | AD3: =TEXT(WEEKDAY(DATE(CalendarYear,11,29),1),"aaa") -> Sun | AE3: =TEXT(WEEKDAY(DATE(CalendarYear,11,30),1),"aaa") -> Mon
A4: Employee Name | B4: 1 | C4: 2 | D4: 3 | E4: 4 | F4: 5 | G4: 6 | H4: 7 | I4: 8 | J4: 9 | K4: 10 | L4: 11 | M4: 12 | N4: 13 | O4: 14 | P4: 15 | Q4: 16 | R4: 17 | S4: 18 | T4: 19 | U4: 20 | V4: 21 | W4: 22 | X4: 23 | Y4: 24 | Z4: 25 | AA4: 26 | AB4: 27 | AC4: 28 | AD4: 29 | AE4: 30 | AG4: Total Days
A5: Employee 1 | AG5: =COUNTA(tblNovember[[#This Row],[1]:[29]]) -> 0
A6: Employee 2 | AG6: =COUNTA(tblNovember[[#This Row],[1]:[29]]) -> 0
A7: Employee 3 | AG7: =COUNTA(tblNovember[[#This Row],[1]:[29]]) -> 0
A8: Employee 4 | AG8: =COUNTA(tblNovember[[#This Row],[1]:[29]]) -> 0
A9: Employee 5 | AG9: =COUNTA(tblNovember[[#This Row],[1]:[29]]) -> 0
A10: =MonthName&" Total" -> November Total | B10: =SUBTOTAL(103,tblNovember[1]) -> 0 | C10: =SUBTOTAL(103,tblNovember[2]) -> 0 | D10: =SUBTOTAL(103,tblNovember[3]) -> 0 | E10: =SUBTOTAL(103,tblNovember[4]) -> 0 | F10: =SUBTOTAL(103,tblNovember[5]) -> 0 | G10: =SUBTOTAL(103,tblNovember[6]) -> 0 | H10: =SUBTOTAL(103,tblNovember[7]) -> 0 | I10: =SUBTOTAL(103,tblNovember[8]) -> 0 | J10: =SUBTOTAL(103,tblNovember[9]) -> 0 | K10: =SUBTOTAL(103,tblNovember[10]) -> 0 | L10: =SUBTOTAL(103,tblNovember[11]) -> 0 | M10: =SUBTOTAL(103,tblNovember[12]) -> 0 | N10: =SUBTOTAL(103,tblNovember[13]) -> 0 | O10: =SUBTOTAL(103,tblNovember[14]) -> 0 | P10: =SUBTOTAL(103,tblNovember[15]) -> 0 | Q10: =SUBTOTAL(103,tblNovember[16]) -> 0 | R10: =SUBTOTAL(103,tblNovember[17]) -> 0 | S10: =SUBTOTAL(103,tblNovember[18]) -> 0 | T10: =SUBTOTAL(103,tblNovember[19]) -> 0 | U10: =SUBTOTAL(103,tblNovember[20]) -> 0 | V10: =SUBTOTAL(103,tblNovember[21]) -> 0 | W10: =SUBTOTAL(103,tblNovember[22]) -> 0 | X10: =SUBTOTAL(103,tblNovember[23]) -> 0 | Y10: =SUBTOTAL(103,tblNovember[24]) -> 0 | Z10: =SUBTOTAL(103,tblNovember[25]) -> 0 | AA10: =SUBTOTAL(103,tblNovember[26]) -> 0 | AB10: =SUBTOTAL(103,tblNovember[27]) -> 0 | AC10: =SUBTOTAL(103,tblNovember[28]) -> 0 | AD10: =SUBTOTAL(103,tblNovember[29]) -> 0 | AG10: =SUBTOTAL(109,tblNovember[Total Days]) -> 0
B12: =January!B13 -> Color Key | G12: =KeyVacation -> V | H12: =KeyVacationLabel -> Vacation | K12: =KeyPersonal -> P | L12: =KeyPersonalLabel -> Personal | O12: =KeySick -> S | P12: =KeySickLabel -> Sick | S12: =KeyCustom1 -> J | T12: =KeyCustom1Label -> Jury Duty | W12: =KeyCustom2 -> B | X12: =KeyCustom2Label -> Bereavement

Sheet December
A1: Employee Vacation Tracker
A2: December | B2: Dates of Absence | AG2: =CalendarYear -> 2015
B3: =TEXT(WEEKDAY(DATE(CalendarYear,12,1),1),"aaa") -> Tue | C3: =TEXT(WEEKDAY(DATE(CalendarYear,12,2),1),"aaa") -> Wed | D3: =TEXT(WEEKDAY(DATE(CalendarYear,12,3),1),"aaa") -> Thu | E3: =TEXT(WEEKDAY(DATE(CalendarYear,12,4),1),"aaa") -> Fri | F3: =TEXT(WEEKDAY(DATE(CalendarYear,12,5),1),"aaa") -> Sat | G3: =TEXT(WEEKDAY(DATE(CalendarYear,12,6),1),"aaa") -> Sun | H3: =TEXT(WEEKDAY(DATE(CalendarYear,12,7),1),"aaa") -> Mon | I3: =TEXT(WEEKDAY(DATE(CalendarYear,12,8),1),"aaa") -> Tue | J3: =TEXT(WEEKDAY(DATE(CalendarYear,12,9),1),"aaa") -> Wed | K3: =TEXT(WEEKDAY(DATE(CalendarYear,12,10),1),"aaa") -> Thu | L3: =TEXT(WEEKDAY(DATE(CalendarYear,12,11),1),"aaa") -> Fri | M3: =TEXT(WEEKDAY(DATE(CalendarYear,12,12),1),"aaa") -> Sat | N3: =TEXT(WEEKDAY(DATE(CalendarYear,12,13),1),"aaa") -> Sun | O3: =TEXT(WEEKDAY(DATE(CalendarYear,12,14),1),"aaa") -> Mon | P3: =TEXT(WEEKDAY(DATE(CalendarYear,12,15),1),"aaa") -> Tue | Q3: =TEXT(WEEKDAY(DATE(CalendarYear,12,16),1),"aaa") -> Wed | R3: =TEXT(WEEKDAY(DATE(CalendarYear,12,17),1),"aaa") -> Thu | S3: =TEXT(WEEKDAY(DATE(CalendarYear,12,18),1),"aaa") -> Fri | T3: =TEXT(WEEKDAY(DATE(CalendarYear,12,19),1),"aaa") -> Sat | U3: =TEXT(WEEKDAY(DATE(CalendarYear,12,20),1),"aaa") -> Sun | V3: =TEXT(WEEKDAY(DATE(CalendarYear,12,21),1),"aaa") -> Mon | W3: =TEXT(WEEKDAY(DATE(CalendarYear,12,22),1),"aaa") -> Tue | X3: =TEXT(WEEKDAY(DATE(CalendarYear,12,23),1),"aaa") -> Wed | Y3: =TEXT(WEEKDAY(DATE(CalendarYear,12,24),1),"aaa") -> Thu | Z3: =TEXT(WEEKDAY(DATE(CalendarYear,12,25),1),"aaa") -> Fri | AA3: =TEXT(WEEKDAY(DATE(CalendarYear,12,26),1),"aaa") -> Sat | AB3: =TEXT(WEEKDAY(DATE(CalendarYear,12,27),1),"aaa") -> Sun | AC3: =TEXT(WEEKDAY(DATE(CalendarYear,12,28),1),"aaa") -> Mon | AD3: =TEXT(WEEKDAY(DATE(CalendarYear,12,29),1),"aaa") -> Tue | AE3: =TEXT(WEEKDAY(DATE(CalendarYear,12,30),1),"aaa") -> Wed | AF3: =TEXT(WEEKDAY(DATE(CalendarYear,12,31),1),"aaa") -> Thu
A4: Employee Name | B4: 1 | C4: 2 | D4: 3 | E4: 4 | F4: 5 | G4: 6 | H4: 7 | I4: 8 | J4: 9 | K4: 10 | L4: 11 | M4: 12 | N4: 13 | O4: 14 | P4: 15 | Q4: 16 | R4: 17 | S4: 18 | T4: 19 | U4: 20 | V4: 21 | W4: 22 | X4: 23 | Y4: 24 | Z4: 25 | AA4: 26 | AB4: 27 | AC4: 28 | AD4: 29 | AE4: 30 | AF4: 31 | AG4: Total Days
A5: Employee 1 | AG5: =COUNTA(tblDecember[[#This Row],[1]:[29]]) -> 0
A6: Employee 2 | AG6: =COUNTA(tblDecember[[#This Row],[1]:[29]]) -> 0
A7: Employee 3 | AG7: =COUNTA(tblDecember[[#This Row],[1]:[29]]) -> 0
A8: Employee 4 | AG8: =COUNTA(tblDecember[[#This Row],[1]:[29]]) -> 0
A9: Employee 5 | AG9: =COUNTA(tblDecember[[#This Row],[1]:[29]]) -> 0
A10: =MonthName&" Total" -> December Total | B10: =SUBTOTAL(103,tblDecember[1]) -> 0 | C10: =SUBTOTAL(103,tblDecember[2]) -> 0 | D10: =SUBTOTAL(103,tblDecember[3]) -> 0 | E10: =SUBTOTAL(103,tblDecember[4]) -> 0 | F10: =SUBTOTAL(103,tblDecember[5]) -> 0 | G10: =SUBTOTAL(103,tblDecember[6]) -> 0 | H10: =SUBTOTAL(103,tblDecember[7]) -> 0 | I10: =SUBTOTAL(103,tblDecember[8]) -> 0 | J10: =SUBTOTAL(103,tblDecember[9]) -> 0 | K10: =SUBTOTAL(103,tblDecember[10]) -> 0 | L10: =SUBTOTAL(103,tblDecember[11]) -> 0 | M10: =SUBTOTAL(103,tblDecember[12]) -> 0 | N10: =SUBTOTAL(103,tblDecember[13]) -> 0 | O10: =SUBTOTAL(103,tblDecember[14]) -> 0 | P10: =SUBTOTAL(103,tblDecember[15]) -> 0 | Q10: =SUBTOTAL(103,tblDecember[16]) -> 0 | R10: =SUBTOTAL(103,tblDecember[17]) -> 0 | S10: =SUBTOTAL(103,tblDecember[18]) -> 0 | T10: =SUBTOTAL(103,tblDecember[19]) -> 0 | U10: =SUBTOTAL(103,tblDecember[20]) -> 0 | V10: =SUBTOTAL(103,tblDecember[21]) -> 0 | W10: =SUBTOTAL(103,tblDecember[22]) -> 0 | X10: =SUBTOTAL(103,tblDecember[23]) -> 0 | Y10: =SUBTOTAL(103,tblDecember[24]) -> 0 | Z10: =SUBTOTAL(103,tblDecember[25]) -> 0 | AA10: =SUBTOTAL(103,tblDecember[26]) -> 0 | AB10: =SUBTOTAL(103,tblDecember[27]) -> 0 | AC10: =SUBTOTAL(103,tblDecember[28]) -> 0 | AD10: =SUBTOTAL(103,tblDecember[29]) -> 0 | AG10: =SUBTOTAL(109,tblDecember[Total Days]) -> 0
B12: =January!B13 -> Color Key | G12: =KeyVacation -> V | H12: =KeyVacationLabel -> Vacation | K12: =KeyPersonal -> P | L12: =KeyPersonalLabel -> Personal | O12: =KeySick -> S | P12: =KeySickLabel -> Sick | S12: =KeyCustom1 -> J | T12: =KeyCustom1Label -> Jury Duty | W12: =KeyCustom2 -> B | X12: =KeyCustom2Label -> Bereavement
